日期,开盘,收盘,最高,最低,成交量,成交额,振幅,涨跌幅,涨跌额,换手率
2014-09-01,1.252,1.266,1.266,1.247,139270,17516953.0,1.53,1.69,0.021,0.1
2014-09-02,1.27,1.286,1.287,1.268,317963,40585383.0,1.5,1.58,0.02,0.22
2014-09-03,1.297,1.296,1.3,1.283,354167,45716339.0,1.32,0.78,0.01,0.24
2014-09-04,1.295,1.305,1.307,1.291,430784,55936990.0,1.23,0.69,0.009,0.3
2014-09-05,1.31,1.311,1.314,1.299,417267,54526513.0,1.15,0.46,0.006,0.29
2014-09-09,1.315,1.321,1.322,1.303,410829,53949838.0,1.45,0.76,0.01,0.28
2014-09-10,1.315,1.323,1.324,1.309,200847,26475293.0,1.14,0.15,0.002,0.14
2014-09-11,1.325,1.321,1.339,1.31,287981,38176851.0,2.19,-0.15,-0.002,0.2
2014-09-12,1.318,1.337,1.34,1.316,361165,47902408.0,1.82,1.21,0.016,0.25
2014-09-15,1.331,1.349,1.351,1.331,318040,42675668.0,1.5,0.9,0.012,0.22
2014-09-16,1.35,1.305,1.353,1.303,430022,57429864.0,3.71,-3.26,-0.044,0.3
2014-09-17,1.303,1.316,1.317,1.292,728167,94996399.0,1.92,0.84,0.011,0.5
2014-09-18,1.311,1.325,1.325,1.307,330918,43618757.0,1.37,0.68,0.009,0.23
2014-09-19,1.325,1.337,1.339,1.321,355869,47326324.0,1.36,0.91,0.012,0.24
2014-09-22,1.335,1.318,1.335,1.314,459554,60818452.0,1.57,-1.42,-0.019,0.32
2014-09-23,1.317,1.336,1.336,1.317,474776,62986868.0,1.44,1.37,0.018,0.33
2014-09-24,1.333,1.354,1.355,1.329,578054,77709424.0,1.95,1.35,0.018,0.4
2014-09-25,1.36,1.352,1.366,1.345,417953,56793393.0,1.55,-0.15,-0.002,0.29
2014-09-26,1.35,1.357,1.359,1.34,375214,50755263.0,1.41,0.37,0.005,0.26
2014-09-29,1.359,1.372,1.372,1.358,359500,49148844.0,1.03,1.11,0.015,0.25
2014-09-30,1.372,1.381,1.383,1.371,334129,46051684.0,0.87,0.66,0.009,0.23
2014-10-08,1.385,1.405,1.405,1.38,504635,70294848.0,1.81,1.74,0.024,0.35
2014-10-09,1.406,1.406,1.409,1.386,455128,63748129.0,1.64,0.07,0.001,0.31
2014-10-10,1.402,1.399,1.407,1.391,338209,47336851.0,1.14,-0.5,-0.007,0.23
2014-10-13,1.385,1.4,1.4,1.377,1005013,139675433.0,1.64,0.07,0.001,0.69
2014-10-14,1.397,1.394,1.408,1.384,476332,66586616.0,1.71,-0.43,-0.006,0.33
2014-10-15,1.393,1.4,1.401,1.382,498673,69513506.0,1.36,0.43,0.006,0.34
2014-10-16,1.393,1.379,1.406,1.378,573900,80057756.0,2.0,-1.5,-0.021,0.39
2014-10-17,1.377,1.365,1.38,1.339,523399,71368181.0,2.97,-1.02,-0.014,0.36
2014-10-20,1.37,1.384,1.384,1.367,554315,76293852.0,1.25,1.39,0.019,0.38
2014-10-21,1.384,1.371,1.388,1.37,691545,95376012.0,1.3,-0.94,-0.013,0.48
2014-10-22,1.369,1.354,1.376,1.353,442437,60577711.0,1.68,-1.24,-0.017,0.3
2014-10-23,1.352,1.337,1.357,1.329,441612,59260777.0,2.07,-1.26,-0.017,0.3
2014-10-24,1.345,1.341,1.349,1.335,258572,34687541.0,1.05,0.3,0.004,0.18
2014-10-27,1.335,1.351,1.351,1.33,339755,45509791.0,1.57,0.75,0.01,0.23
2014-10-28,1.353,1.383,1.384,1.353,417908,57290342.0,2.29,2.37,0.032,0.29
2014-10-29,1.389,1.404,1.405,1.382,527262,73572434.0,1.66,1.52,0.021,0.36
2014-10-30,1.403,1.401,1.411,1.397,596437,83803203.0,1.0,-0.21,-0.003,0.41
2014-10-31,1.402,1.402,1.408,1.387,476377,66588171.0,1.5,0.07,0.001,0.33
2014-11-03,1.404,1.413,1.414,1.403,739758,104114141.0,0.78,0.78,0.011,0.51
2014-11-04,1.411,1.405,1.415,1.399,484259,68245390.0,1.13,-0.57,-0.008,0.33
2014-11-05,1.406,1.403,1.408,1.398,679359,95384694.0,0.71,-0.14,-0.002,0.47
2014-11-06,1.403,1.413,1.413,1.393,733737,102930610.0,1.43,0.71,0.01,0.5
2014-11-07,1.413,1.398,1.418,1.391,735614,103691178.0,1.91,-1.06,-0.015,0.51
2014-11-10,1.409,1.413,1.413,1.39,648296,90968654.0,1.65,1.07,0.015,0.45
2014-11-11,1.414,1.37,1.415,1.357,560228,77802243.0,4.1,-3.04,-0.043,0.39
2014-11-12,1.365,1.393,1.394,1.363,825339,113753227.0,2.26,1.68,0.023,0.57
2014-11-13,1.392,1.382,1.395,1.372,784397,108658014.0,1.65,-0.79,-0.011,0.54
2014-11-14,1.378,1.378,1.381,1.364,811051,111464409.0,1.23,-0.29,-0.004,0.56
2014-11-17,1.377,1.393,1.4,1.376,570660,79347198.0,1.74,1.09,0.015,0.39
2014-11-18,1.391,1.392,1.397,1.389,596455,83076227.0,0.57,-0.07,-0.001,0.41
2014-11-19,1.392,1.399,1.405,1.392,859223,120092499.0,0.93,0.5,0.007,0.59
2014-11-20,1.394,1.397,1.401,1.393,379421,53018680.0,0.57,-0.14,-0.002,0.26
2014-11-21,1.397,1.413,1.413,1.397,824607,115728652.0,1.15,1.15,0.016,0.57
2014-11-24,1.421,1.436,1.441,1.421,968707,138563344.0,1.42,1.63,0.023,0.67
2014-11-25,1.434,1.457,1.457,1.434,849785,123053925.0,1.6,1.46,0.021,0.58
2014-11-26,1.462,1.462,1.467,1.451,1207070,176117315.0,1.1,0.34,0.005,0.83
2014-11-27,1.465,1.474,1.474,1.46,512316,75183647.0,0.96,0.82,0.012,0.35
2014-11-28,1.47,1.469,1.478,1.457,517190,76065676.0,1.42,-0.34,-0.005,0.36
2014-12-01,1.471,1.462,1.471,1.453,421008,61600736.0,1.23,-0.48,-0.007,0.29
2014-12-02,1.455,1.481,1.482,1.455,1079298,158699964.0,1.85,1.3,0.019,0.74
2014-12-03,1.482,1.5,1.537,1.472,1042035,154958978.0,4.39,1.28,0.019,0.72
2014-12-04,1.51,1.53,1.539,1.499,767723,116553541.0,2.67,2.0,0.03,0.53
2014-12-05,1.533,1.499,1.543,1.452,579775,87274154.0,5.95,-2.03,-0.031,0.4
2014-12-08,1.469,1.519,1.527,1.469,500991,75351623.0,3.87,1.33,0.02,0.34
2014-12-09,1.515,1.457,1.533,1.451,498932,74951473.0,5.4,-4.08,-0.062,0.34
2014-12-10,1.438,1.514,1.522,1.438,543682,80410959.0,5.77,3.91,0.057,0.37
2014-12-11,1.51,1.533,1.54,1.499,532403,81053017.0,2.71,1.25,0.019,0.37
2014-12-12,1.522,1.542,1.546,1.522,1090344,167628147.0,1.57,0.59,0.009,0.75
2014-12-15,1.541,1.567,1.568,1.531,709463,110173551.0,2.4,1.62,0.025,0.49
2014-12-16,1.569,1.57,1.572,1.554,577142,90163838.0,1.15,0.19,0.003,0.4
2014-12-17,1.567,1.558,1.567,1.54,644032,100214599.0,1.72,-0.76,-0.012,0.44
2014-12-18,1.552,1.562,1.569,1.54,421723,65865471.0,1.86,0.26,0.004,0.29
2014-12-19,1.555,1.548,1.565,1.52,635868,98369261.0,2.88,-0.9,-0.014,0.44
2014-12-22,1.535,1.489,1.547,1.48,624909,93968324.0,4.33,-3.81,-0.059,0.43
2014-12-23,1.48,1.456,1.497,1.453,418322,61813645.0,2.96,-2.22,-0.033,0.29
2014-12-24,1.449,1.475,1.475,1.449,607115,89097756.0,1.79,1.3,0.019,0.42
2014-12-25,1.473,1.504,1.504,1.472,604261,89953263.0,2.17,1.97,0.029,0.42
2014-12-26,1.503,1.519,1.52,1.493,278916,42067393.0,1.8,1.0,0.015,0.19
2014-12-29,1.519,1.496,1.528,1.491,638618,96052109.0,2.44,-1.51,-0.023,0.44
2014-12-30,1.495,1.47,1.503,1.469,1038062,153644647.0,2.27,-1.74,-0.026,0.71
2014-12-31,1.479,1.489,1.51,1.46,548242,81021192.0,3.4,1.29,0.019,0.38
2015-01-05,1.505,1.513,1.521,1.486,295554,44496787.0,2.35,1.61,0.024,0.2
2015-01-06,1.5,1.536,1.537,1.49,261689,39749067.0,3.11,1.52,0.023,0.18
2015-01-07,1.549,1.537,1.549,1.522,149016,22823387.0,1.76,0.07,0.001,0.1
2015-01-08,1.536,1.523,1.539,1.515,178143,27263916.0,1.56,-0.91,-0.014,0.12
2015-01-09,1.511,1.515,1.539,1.511,381392,58281122.0,1.84,-0.53,-0.008,0.26
2015-01-12,1.512,1.493,1.512,1.486,288183,43090394.0,1.72,-1.45,-0.022,0.2
2015-01-13,1.486,1.514,1.52,1.47,490084,73865104.0,3.35,1.41,0.021,0.34
2015-01-14,1.505,1.508,1.519,1.498,519597,78568607.0,1.39,-0.4,-0.006,0.36
2015-01-15,1.506,1.533,1.535,1.484,423803,64335490.0,3.38,1.66,0.025,0.29
2015-01-16,1.53,1.547,1.547,1.52,416922,63920881.0,1.76,0.91,0.014,0.29
2015-01-19,1.5,1.48,1.534,1.464,426044,64446201.0,4.52,-4.33,-0.067,0.29
2015-01-20,1.487,1.532,1.532,1.486,229585,34732312.0,3.11,3.51,0.052,0.16
2015-01-21,1.539,1.57,1.572,1.536,399769,62258184.0,2.35,2.48,0.038,0.28
2015-01-22,1.577,1.596,1.6,1.571,506561,80211502.0,1.85,1.66,0.026,0.35
2015-01-23,1.598,1.581,1.61,1.572,280571,44441823.0,2.38,-0.94,-0.015,0.19
2015-01-26,1.579,1.615,1.616,1.575,482468,77197617.0,2.59,2.15,0.034,0.33
2015-01-27,1.617,1.619,1.623,1.589,511174,82334591.0,2.11,0.25,0.004,0.35
2015-01-28,1.602,1.611,1.629,1.602,792161,128301131.0,1.67,-0.49,-0.008,0.55
2015-01-29,1.602,1.601,1.612,1.591,380563,61080971.0,1.3,-0.62,-0.01,0.26
2015-01-30,1.598,1.582,1.611,1.581,585053,93123458.0,1.87,-1.19,-0.019,0.4
2015-02-02,1.575,1.575,1.588,1.556,335481,52778922.0,2.02,-0.44,-0.007,0.23
2015-02-03,1.579,1.604,1.607,1.579,439508,70039940.0,1.78,1.84,0.029,0.3
2015-02-04,1.604,1.596,1.611,1.594,334981,53682702.0,1.06,-0.5,-0.008,0.23
2015-02-05,1.62,1.585,1.628,1.584,888782,142636094.0,2.76,-0.69,-0.011,0.61
2015-02-06,1.585,1.554,1.588,1.546,756697,118369760.0,2.65,-1.96,-0.031,0.52
2015-02-09,1.555,1.545,1.559,1.54,385634,59727828.0,1.22,-0.58,-0.009,0.27
2015-02-10,1.536,1.564,1.565,1.536,283423,43966966.0,1.88,1.23,0.019,0.2
2015-02-11,1.565,1.581,1.584,1.565,408031,64409418.0,1.21,1.09,0.017,0.28
2015-02-12,1.585,1.594,1.596,1.582,238317,37789808.0,0.89,0.82,0.013,0.16
2015-02-13,1.599,1.619,1.628,1.599,594836,96269959.0,1.82,1.57,0.025,0.41
2015-02-16,1.619,1.651,1.652,1.619,381073,62336381.0,2.04,1.98,0.032,0.26
2015-02-17,1.655,1.659,1.666,1.648,330125,54598557.0,1.09,0.48,0.008,0.23
2015-02-25,1.661,1.655,1.67,1.65,566216,94053636.0,1.21,-0.24,-0.004,0.39
2015-02-26,1.654,1.675,1.676,1.653,605478,100551786.0,1.39,1.21,0.02,0.42
2015-02-27,1.68,1.692,1.692,1.673,452622,76212396.0,1.13,1.01,0.017,0.31
2015-03-02,1.701,1.728,1.729,1.695,635989,108747631.0,2.01,2.13,0.036,0.44
2015-03-03,1.712,1.716,1.742,1.71,1134720,195340090.0,1.85,-0.69,-0.012,0.78
2015-03-04,1.705,1.749,1.75,1.705,908846,157014638.0,2.62,1.92,0.033,0.63
2015-03-05,1.743,1.745,1.749,1.723,722550,125268598.0,1.49,-0.23,-0.004,0.5
2015-03-06,1.739,1.72,1.749,1.717,814206,141026266.0,1.83,-1.43,-0.025,0.56
2015-03-09,1.704,1.749,1.749,1.701,671518,115801226.0,2.79,1.69,0.029,0.46
2015-03-10,1.747,1.759,1.768,1.74,367514,64477191.0,1.6,0.57,0.01,0.25
2015-03-11,1.763,1.758,1.763,1.748,425777,74840343.0,0.85,-0.06,-0.001,0.29
2015-03-12,1.761,1.756,1.763,1.742,571702,100240733.0,1.19,-0.11,-0.002,0.39
2015-03-13,1.758,1.778,1.778,1.756,547757,96779612.0,1.25,1.25,0.022,0.38
2015-03-16,1.785,1.835,1.836,1.785,632509,114377611.0,2.87,3.21,0.057,0.44
2015-03-17,1.837,1.86,1.87,1.83,897557,165818232.0,2.18,1.36,0.025,0.62
2015-03-18,1.86,1.889,1.893,1.854,883295,165464294.0,2.1,1.56,0.029,0.61
2015-03-19,1.888,1.908,1.908,1.875,573328,108620974.0,1.75,1.01,0.019,0.39
2015-03-20,1.905,1.925,1.928,1.9,927600,178092439.0,1.47,0.89,0.017,0.64
2015-03-23,1.935,1.999,2.002,1.933,581838,113987231.0,3.58,3.84,0.074,0.4
2015-03-24,1.985,1.981,1.99,1.91,811615,159261312.0,4.0,-0.9,-0.018,0.56
2015-03-25,1.972,1.999,2.014,1.965,623942,124227050.0,2.47,0.91,0.018,0.43
2015-03-26,1.983,1.983,2.02,1.961,456687,90915710.0,2.95,-0.8,-0.016,0.31
2015-03-27,1.979,2.015,2.022,1.979,622475,124794324.0,2.17,1.61,0.032,0.43
2015-03-30,2.026,2.05,2.059,2.016,551817,112300719.0,2.13,1.74,0.035,0.38
2015-03-31,2.055,2.042,2.065,2.026,403956,82611640.0,1.9,-0.39,-0.008,0.28
2015-04-01,2.04,2.095,2.105,2.038,345968,71687845.0,3.28,2.6,0.053,0.24
2015-04-02,2.11,2.132,2.138,2.099,309230,65416402.0,1.86,1.77,0.037,0.21
2015-04-03,2.117,2.164,2.167,2.103,583932,124760233.0,3.0,1.5,0.032,0.4
2015-04-07,2.19,2.219,2.299,2.171,650716,143969721.0,5.91,2.54,0.055,0.45
2015-04-08,2.219,2.187,2.237,2.147,480247,105423566.0,4.06,-1.44,-0.032,0.33
2015-04-09,2.182,2.176,2.186,2.091,1590903,339752080.0,4.34,-0.5,-0.011,1.09
2015-04-10,2.165,2.243,2.249,2.151,376903,83147159.0,4.5,3.08,0.067,0.26
2015-04-15,2.271,2.192,2.271,2.184,260645,206869383.0,3.88,-2.27,-0.051,0.18
2015-04-16,2.187,2.211,2.231,2.097,175806,137379824.0,6.11,0.87,0.019,0.12
2015-04-17,2.214,2.226,2.243,2.211,311206,247681126.0,1.45,0.68,0.015,0.21
2015-04-20,2.187,2.192,2.245,2.181,137487,109115946.0,2.88,-1.53,-0.034,0.09
2015-04-21,2.192,2.271,2.273,2.187,848282,683870560.0,3.92,3.6,0.079,0.58
2015-04-22,2.279,2.341,2.346,2.278,163581,135509750.0,2.99,3.08,0.07,0.11
2015-04-23,2.344,2.356,2.369,2.322,143090,119868599.0,2.01,0.64,0.015,0.1
2015-04-24,2.327,2.364,2.374,2.285,174120,146273635.0,3.78,0.34,0.008,0.12
2015-04-27,2.363,2.389,2.41,2.36,99900,85235344.0,2.12,1.06,0.025,0.07
2015-04-28,2.396,2.318,2.411,2.294,169300,141582784.0,4.9,-2.97,-0.071,0.12
2015-04-29,2.299,2.368,2.374,2.299,124215,103711862.0,3.24,2.16,0.05,0.09
2015-04-30,2.37,2.384,2.407,2.37,76922,65666372.0,1.56,0.68,0.016,0.05
2015-05-04,2.383,2.4,2.405,2.362,70912,60476347.0,1.8,0.67,0.016,0.05
2015-05-05,2.391,2.31,2.391,2.295,288326,239602311.0,4.0,-3.75,-0.09,0.2
2015-05-06,2.314,2.27,2.361,2.243,308308,255243261.0,5.11,-1.73,-0.04,0.21
2015-05-07,2.255,2.223,2.273,2.222,132994,106528413.0,2.25,-2.07,-0.047,0.09
2015-05-08,2.226,2.321,2.445,2.226,210930,171825708.0,9.85,4.41,0.098,0.15
2015-05-11,2.369,2.443,2.443,2.329,209851,178172117.0,4.91,5.26,0.122,0.14
2015-05-12,2.444,2.471,2.494,2.417,198231,173278085.0,3.15,1.15,0.028,0.14
2015-05-13,2.43,2.494,2.515,2.43,128923,114074054.0,3.44,0.93,0.023,0.09
2015-05-14,2.486,2.484,2.502,2.458,89131,78837191.0,1.76,-0.4,-0.01,0.06
2015-05-15,2.48,2.47,2.486,2.43,129740,113666371.0,2.25,-0.56,-0.014,0.09
2015-05-18,2.464,2.517,2.522,2.452,102521,91308965.0,2.83,1.9,0.047,0.07
2015-05-19,2.52,2.581,2.601,2.507,168371,153505760.0,3.73,2.54,0.064,0.12
2015-05-20,2.597,2.625,2.677,2.59,202071,190221616.0,3.37,1.7,0.044,0.14
2015-05-21,2.633,2.744,2.747,2.627,230655,219267413.0,4.57,4.53,0.119,0.16
2015-05-22,2.761,2.781,2.803,2.663,336334,328899616.0,5.1,1.35,0.037,0.23
2015-05-25,2.719,2.832,2.842,2.717,143581,142554287.0,4.49,1.83,0.051,0.1
2015-05-26,2.832,2.944,2.957,2.832,258953,267713615.0,4.41,3.95,0.112,0.18
2015-05-27,2.956,2.977,3.008,2.872,228146,239115084.0,4.62,1.12,0.033,0.16
2015-05-28,2.974,2.784,3.009,2.778,199013,208789257.0,7.76,-6.48,-0.193,0.14
2015-05-29,2.803,2.841,2.921,2.677,250833,251134940.0,8.76,2.05,0.057,0.17
2015-06-01,2.825,3.021,3.05,2.803,450440,471801648.0,8.69,6.34,0.18,0.31
2015-06-02,3.022,3.102,3.103,2.991,2108909,2285752992.0,3.71,2.68,0.081,1.45
2015-06-03,3.093,3.08,3.137,2.996,1128759,1240404704.0,4.55,-0.71,-0.022,0.78
2015-06-04,3.073,3.086,3.108,2.772,2820039,3002696576.0,10.91,0.19,0.006,1.94
2015-06-05,3.084,3.159,3.165,3.056,418875,466999552.0,3.53,2.37,0.073,0.29
2015-06-08,3.139,3.095,3.139,3.036,309378,340542064.0,3.26,-2.03,-0.064,0.21
2015-06-09,3.068,3.113,3.117,3.061,171169,188751522.0,1.81,0.58,0.018,0.12
2015-06-10,3.108,3.165,3.238,3.065,135669,152519291.0,5.56,1.67,0.052,0.09
2015-06-11,3.168,3.224,3.248,3.139,93202,105834849.0,3.44,1.86,0.059,0.06
2015-06-12,3.224,3.28,3.361,3.224,99686,116240463.0,4.25,1.74,0.056,0.07
2015-06-15,3.308,3.205,3.313,3.193,103738,120375856.0,3.66,-2.29,-0.075,0.07
2015-06-16,3.154,3.079,3.168,3.05,152170,168673747.0,3.68,-3.93,-0.126,0.1
2015-06-17,3.072,3.148,3.224,2.972,260946,283227792.0,8.18,2.24,0.069,0.18
2015-06-18,3.139,3.04,3.162,3.028,117892,131048274.0,4.26,-3.43,-0.108,0.08
2015-06-19,2.924,2.843,2.992,2.807,308728,323229664.0,6.09,-6.48,-0.197,0.21
2015-06-23,2.831,2.842,2.851,2.666,1085965,1076017504.0,6.51,-0.04,-0.001,0.75
2015-06-24,2.842,2.887,2.902,2.796,350374,358324464.0,3.73,1.58,0.045,0.24
2015-06-25,2.888,2.797,2.918,2.748,217760,223673195.0,5.89,-3.12,-0.09,0.15
2015-06-26,2.705,2.517,2.761,2.517,159969,149482050.0,8.72,-10.01,-0.28,0.11
2015-06-29,2.571,2.37,2.607,2.265,638986,553626960.0,13.59,-5.84,-0.147,0.44
2015-06-30,2.271,2.55,2.563,2.2,1026222,865843648.0,15.32,7.59,0.18,0.71
2015-07-01,2.443,2.344,2.554,2.327,517879,461663568.0,8.9,-8.08,-0.206,0.36
2015-07-02,2.329,2.243,2.402,2.18,2710952,2180763280.0,9.47,-4.31,-0.101,1.87
2015-07-03,2.206,2.077,2.24,2.027,4388682,3277173824.0,9.5,-7.4,-0.166,3.02
2015-07-06,2.285,2.077,2.285,1.875,10526457,7673045504.0,19.74,0.0,0.0,7.24
2015-07-07,2.018,1.915,2.018,1.869,5459290,3766227536.0,7.17,-7.8,-0.162,3.76
2015-07-08,1.723,1.723,1.869,1.723,1460248,907670448.0,7.62,-10.03,-0.192,1.0
2015-07-09,1.654,1.896,1.896,1.654,650949,429627472.0,14.05,10.04,0.173,0.45
2015-07-10,2.013,2.085,2.085,1.952,900962,665493536.0,7.01,9.97,0.189,0.62
2015-07-13,2.174,2.294,2.294,2.102,2201998,1749787568.0,9.21,10.02,0.209,1.52
2015-07-14,2.187,2.211,2.36,2.187,1393883,1120809424.0,7.54,-3.62,-0.083,0.96
2015-07-15,2.187,2.019,2.206,2.008,1600747,1221399968.0,8.96,-8.68,-0.192,1.1
2015-07-16,1.993,2.128,2.171,1.949,959224,719193136.0,11.0,5.4,0.109,0.66
2015-07-17,2.147,2.264,2.285,2.138,610225,483314368.0,6.91,6.39,0.136,0.42
2015-07-20,2.263,2.275,2.324,2.226,1140785,927976960.0,4.33,0.49,0.011,0.79
2015-07-21,2.231,2.312,2.331,2.215,658208,539651296.0,5.1,1.63,0.037,0.45
2015-07-22,2.308,2.343,2.354,2.273,655244,542408544.0,3.5,1.34,0.031,0.45
2015-07-23,2.345,2.425,2.437,2.337,484719,414185056.0,4.27,3.5,0.082,0.33
2015-07-24,2.439,2.375,2.467,2.352,361152,312404336.0,4.74,-2.06,-0.05,0.25
2015-07-27,2.315,2.167,2.397,2.161,894988,733905472.0,9.94,-8.76,-0.208,0.62
2015-07-28,2.13,2.159,2.228,2.052,525417,398479088.0,8.12,-0.37,-0.008,0.36
2015-07-29,2.173,2.284,2.29,2.107,500083,387843312.0,8.48,5.79,0.125,0.34
2015-07-30,2.261,2.202,2.35,2.187,394540,319515760.0,7.14,-3.59,-0.082,0.27
2015-07-31,2.183,2.178,2.243,2.157,421760,329580144.0,3.91,-1.09,-0.024,0.29
2015-08-03,2.156,2.104,2.165,2.069,277209,209044305.0,4.41,-3.4,-0.074,0.19
2015-08-04,2.133,2.259,2.264,2.117,434403,340617184.0,6.99,7.37,0.155,0.3
2015-08-05,2.243,2.212,2.271,2.201,485674,388779680.0,3.1,-2.08,-0.047,0.33
2015-08-06,2.174,2.198,2.25,2.124,275887,216981144.0,5.7,-0.63,-0.014,0.19
2015-08-07,2.229,2.271,2.275,2.221,425307,342391296.0,2.46,3.32,0.073,0.29
2015-08-10,2.299,2.398,2.405,2.279,513291,429289872.0,5.55,5.59,0.127,0.35
2015-08-11,2.383,2.39,2.416,2.359,487498,415915808.0,2.38,-0.33,-0.008,0.34
2015-08-12,2.36,2.351,2.4,2.349,336851,285483296.0,2.13,-1.63,-0.039,0.23
2015-08-13,2.351,2.409,2.425,2.327,567822,480631584.0,4.17,2.47,0.058,0.39
2015-08-14,2.446,2.432,2.467,2.414,395926,344419920.0,2.2,0.95,0.023,0.27
2015-08-17,2.422,2.5,2.501,2.418,490142,430926560.0,3.41,2.8,0.068,0.34
2015-08-18,2.504,2.287,2.509,2.256,757669,643476352.0,10.12,-8.52,-0.213,0.52
2015-08-19,2.215,2.364,2.382,2.171,694068,559315552.0,9.23,3.37,0.077,0.48
2015-08-20,2.327,2.272,2.372,2.265,387096,319729088.0,4.53,-3.89,-0.092,0.27
2015-08-21,2.251,2.158,2.264,2.15,721409,568242592.0,5.02,-5.02,-0.114,0.5
2015-08-24,2.074,1.942,2.1,1.942,517649,368554560.0,7.32,-10.01,-0.216,0.36
2015-08-25,1.842,1.748,1.922,1.748,490282,318953872.0,8.96,-9.99,-0.194,0.34
2015-08-26,1.748,1.748,1.876,1.72,450113,289294384.0,8.92,0.0,0.0,0.31
2015-08-27,1.794,1.822,1.836,1.71,430116,274730736.0,7.21,4.23,0.074,0.3
2015-08-28,1.854,1.932,1.94,1.817,513621,342252048.0,6.75,6.04,0.11,0.35
2015-08-31,1.913,1.856,1.913,1.842,422786,282270160.0,3.67,-3.93,-0.076,0.29
2015-09-01,1.822,1.728,1.822,1.727,200875,126325595.0,5.12,-6.9,-0.128,0.14
2015-09-02,1.64,1.685,1.818,1.615,525564,321460192.0,11.75,-2.49,-0.043,0.36
2015-09-07,1.729,1.726,1.802,1.713,374804,235914397.0,5.28,2.43,0.041,0.26
2015-09-08,1.696,1.821,1.845,1.686,634664,399271744.0,9.21,5.5,0.095,0.44
2015-09-09,1.827,1.873,1.891,1.818,904986,598515968.0,4.01,2.86,0.052,0.62
2015-09-10,1.853,1.825,1.866,1.822,304917,200436816.0,2.35,-2.56,-0.048,0.21
2015-09-11,1.825,1.839,1.855,1.803,303025,198251841.0,2.85,0.77,0.014,0.21
2015-09-14,1.842,1.681,1.855,1.655,471486,291601376.0,10.88,-8.59,-0.158,0.32
2015-09-15,1.654,1.598,1.681,1.597,369634,216563450.0,5.0,-4.94,-0.083,0.25
2015-09-16,1.607,1.735,1.758,1.605,480254,288597248.0,9.57,8.57,0.137,0.33
2015-09-17,1.729,1.694,1.766,1.69,517096,320134656.0,4.38,-2.36,-0.041,0.36
2015-09-18,1.688,1.717,1.728,1.67,189879,115260816.0,3.42,1.36,0.023,0.13
2015-09-21,1.693,1.792,1.794,1.682,393011,245605631.0,6.52,4.37,0.075,0.27
2015-09-22,1.797,1.785,1.818,1.766,512465,328505136.0,2.9,-0.39,-0.007,0.35
2015-09-23,1.75,1.758,1.78,1.74,256061,160921334.0,2.24,-1.51,-0.027,0.18
2015-09-24,1.765,1.783,1.8,1.762,212375,135055127.0,2.16,1.42,0.025,0.15
2015-09-25,1.767,1.716,1.788,1.704,290103,179699535.0,4.71,-3.76,-0.067,0.2
2015-09-28,1.736,1.764,1.766,1.7,118904,73714381.0,3.85,2.8,0.048,0.08
2015-09-29,1.724,1.745,1.754,1.722,147837,91822567.0,1.81,-1.08,-0.019,0.1
2015-09-30,1.746,1.747,1.762,1.733,59784,37248456.0,1.66,0.11,0.002,0.04
2015-10-08,1.836,1.819,1.844,1.8,293313,189929359.0,2.52,4.12,0.072,0.2
2015-10-09,1.814,1.84,1.849,1.804,221214,143958062.0,2.47,1.15,0.021,0.15
2015-10-12,1.855,1.92,1.948,1.855,462298,313600256.0,5.05,4.35,0.08,0.32
2015-10-13,1.894,1.937,1.946,1.892,271272,185685654.0,2.81,0.89,0.017,0.19
2015-10-14,1.935,1.921,1.951,1.908,231621,159342576.0,2.22,-0.83,-0.016,0.16
2015-10-15,1.915,1.992,1.993,1.913,302122,211965236.0,4.16,3.7,0.071,0.21
2015-10-16,2.002,2.012,2.018,1.976,474529,338290256.0,2.11,1.0,0.02,0.33
2015-10-19,2.018,2.024,2.032,1.989,327358,234936264.0,2.14,0.6,0.012,0.23
2015-10-20,2.021,2.044,2.044,1.993,323718,233424991.0,2.52,0.99,0.02,0.22
2015-10-21,2.046,1.925,2.046,1.912,405799,285652336.0,6.56,-5.82,-0.119,0.28
2015-10-22,1.943,1.993,2.002,1.92,291864,204052655.0,4.26,3.53,0.068,0.2
2015-10-23,1.988,2.046,2.049,1.985,383391,275684240.0,3.21,2.66,0.053,0.26
2015-10-26,2.058,2.045,2.069,2.024,316052,230654300.0,2.2,-0.05,-0.001,0.22
2015-10-27,2.026,2.063,2.077,1.963,306483,220706984.0,5.57,0.88,0.018,0.21
2015-10-28,2.035,2.006,2.066,1.99,272867,198383995.0,3.68,-2.76,-0.057,0.19
2015-10-29,2.016,2.028,2.051,1.992,271666,195937998.0,2.94,1.1,0.022,0.19
2015-10-30,2.028,2.027,2.061,1.992,178789,129310269.0,3.4,-0.05,-0.001,0.12
2015-11-02,2.013,1.986,2.046,1.979,168998,121280357.0,3.31,-2.02,-0.041,0.12
2015-11-03,1.988,1.976,2.01,1.967,144732,102419846.0,2.17,-0.5,-0.01,0.1
2015-11-04,1.984,2.106,2.107,1.984,389119,285759536.0,6.22,6.58,0.13,0.27
2015-11-05,2.102,2.1,2.125,2.078,255186,191496552.0,2.23,-0.28,-0.006,0.18
2015-11-06,2.091,2.151,2.164,2.091,340248,259841498.0,3.48,2.43,0.051,0.23
2015-11-09,2.139,2.176,2.189,2.118,299588,230364147.0,3.3,1.16,0.025,0.21
2015-11-10,2.159,2.178,2.198,2.153,276416,215062416.0,2.07,0.09,0.002,0.19
2015-11-11,2.177,2.221,2.221,2.161,164464,128601614.0,2.75,1.97,0.043,0.11
2015-11-12,2.221,2.227,2.237,2.187,183783,145345253.0,2.25,0.27,0.006,0.13
2015-11-13,2.198,2.182,2.227,2.148,123870,96822011.0,3.55,-2.02,-0.045,0.09
2015-11-16,2.153,2.237,2.237,2.134,131615,102959025.0,4.72,2.52,0.055,0.09
2015-11-17,2.258,2.2,2.276,2.199,158740,126438822.0,3.44,-1.65,-0.037,0.11
2015-11-18,2.208,2.167,2.222,2.16,107866,84599027.0,2.82,-1.5,-0.033,0.07
2015-11-19,2.153,2.237,2.238,2.153,214875,169348199.0,3.92,3.23,0.07,0.15
2015-11-20,2.237,2.256,2.262,2.229,144709,115930523.0,1.48,0.85,0.019,0.1
2015-11-23,2.249,2.231,2.277,2.229,327600,263817801.0,2.13,-1.11,-0.025,0.23
2015-11-24,2.231,2.258,2.259,2.201,193170,153704213.0,2.6,1.21,0.027,0.13
2015-11-25,2.257,2.289,2.29,2.248,169162,136986908.0,1.86,1.37,0.031,0.12
2015-11-26,2.296,2.268,2.301,2.265,108159,88282185.0,1.57,-0.92,-0.021,0.07
2015-11-27,2.253,2.133,2.268,2.099,400708,311748928.0,7.45,-5.95,-0.135,0.28
2015-11-30,2.125,2.131,2.164,2.027,255717,191463675.0,6.42,-0.09,-0.002,0.18
2015-12-01,2.128,2.145,2.173,2.109,176391,134599139.0,3.0,0.66,0.014,0.12
2015-12-02,2.149,2.146,2.149,2.066,336540,254839044.0,3.87,0.05,0.001,0.23
2015-12-03,2.144,2.182,2.184,2.13,185465,143162868.0,2.52,1.68,0.036,0.13
2015-12-04,2.176,2.154,2.188,2.139,189121,146233471.0,2.25,-1.28,-0.028,0.13
2015-12-07,2.159,2.19,2.195,2.145,188571,146563474.0,2.32,1.67,0.036,0.13
2015-12-08,2.173,2.138,2.174,2.13,121213,92840586.0,2.01,-2.37,-0.052,0.08
2015-12-09,2.136,2.121,2.144,2.111,106976,81237026.0,1.54,-0.8,-0.017,0.07
2015-12-10,2.122,2.113,2.153,2.107,109579,83257755.0,2.17,-0.38,-0.008,0.08
2015-12-11,2.105,2.099,2.115,2.089,118170,88660747.0,1.23,-0.66,-0.014,0.08
2015-12-14,2.087,2.146,2.151,2.077,212585,160529732.0,3.53,2.24,0.047,0.15
2015-12-15,2.149,2.152,2.173,2.144,157477,121425555.0,1.35,0.28,0.006,0.11
2015-12-16,2.162,2.17,2.188,2.161,134774,104675848.0,1.25,0.84,0.018,0.09
2015-12-17,2.186,2.233,2.233,2.175,165840,131167358.0,2.67,2.9,0.063,0.11
2015-12-18,2.231,2.218,2.237,2.205,170548,135257955.0,1.43,-0.67,-0.015,0.12
2015-12-21,2.209,2.249,2.251,2.203,168480,134408889.0,2.16,1.4,0.031,0.12
2015-12-22,2.247,2.269,2.271,2.235,73937,59482426.0,1.6,0.89,0.02,0.05
2015-12-23,2.265,2.239,2.271,2.232,84009,67677876.0,1.72,-1.32,-0.03,0.06
2015-12-24,2.241,2.24,2.245,2.204,90984,72162393.0,1.83,0.04,0.001,0.06
2015-12-25,2.238,2.25,2.253,2.23,90908,72748214.0,1.03,0.45,0.01,0.06
2015-12-28,2.247,2.196,2.263,2.194,125195,99782014.0,3.07,-2.4,-0.054,0.09
2015-12-29,2.184,2.219,2.221,2.18,149973,117475297.0,1.87,1.05,0.023,0.1
2015-12-30,2.218,2.236,2.239,2.215,154506,122660327.0,1.08,0.77,0.017,0.11
2015-12-31,2.242,2.197,2.242,2.196,109845,86879093.0,2.06,-1.74,-0.039,0.08
2016-01-04,2.189,2.016,2.201,2.011,225607,169766414.0,8.65,-8.24,-0.181,0.16
2016-01-05,1.921,1.996,2.086,1.917,607645,430640352.0,8.38,-0.99,-0.02,0.42
2016-01-06,1.988,2.039,2.04,1.983,289610,207694227.0,2.86,2.15,0.043,0.2
2016-01-07,1.999,1.856,2.018,1.85,33977,23161624.0,8.24,-8.97,-0.183,0.02
2016-01-08,1.912,1.893,1.934,1.794,449461,302679440.0,7.54,1.99,0.037,0.31
2016-01-11,1.843,1.771,1.884,1.769,379324,248093123.0,6.08,-6.44,-0.122,0.26
2016-01-12,1.787,1.769,1.794,1.734,439184,276458384.0,3.39,-0.11,-0.002,0.3
2016-01-13,1.777,1.714,1.8,1.713,266859,168295667.0,4.92,-3.11,-0.055,0.18
2016-01-14,1.679,1.771,1.772,1.653,375364,228055836.0,6.94,3.33,0.057,0.26
2016-01-15,1.759,1.703,1.771,1.688,441371,271968000.0,4.69,-3.84,-0.068,0.3
2016-01-18,1.676,1.727,1.746,1.657,327069,199709052.0,5.23,1.41,0.024,0.23
2016-01-19,1.719,1.783,1.9,1.715,506021,318109888.0,10.71,3.24,0.056,0.35
2016-01-20,1.779,1.768,1.802,1.74,257112,163366890.0,3.48,-0.84,-0.015,0.18
2016-01-21,1.737,1.707,1.939,1.704,401780,250775891.0,13.29,-3.45,-0.061,0.28
2016-01-22,1.712,1.73,1.775,1.679,299734,183154376.0,5.62,1.35,0.023,0.21
2016-01-25,1.741,1.742,1.764,1.725,219714,136645335.0,2.25,0.69,0.012,0.15
2016-01-26,1.729,1.635,1.73,1.607,720102,431090800.0,7.06,-6.14,-0.107,0.5
2016-01-27,1.634,1.595,1.635,1.521,752958,425162496.0,6.97,-2.45,-0.04,0.52
2016-01-28,1.576,1.528,1.595,1.524,308549,172857339.0,4.45,-4.2,-0.067,0.21
2016-01-29,1.541,1.582,1.601,1.521,390024,217704062.0,5.24,3.53,0.054,0.27
2016-02-01,1.584,1.564,1.592,1.54,439199,246135600.0,3.29,-1.14,-0.018,0.3
2016-02-02,1.569,1.619,1.622,1.566,578969,333212304.0,3.58,3.52,0.055,0.4
2016-02-03,1.598,1.628,1.635,1.584,158033,90642662.0,3.15,0.56,0.009,0.11
2016-02-04,1.626,1.655,1.666,1.626,346237,204339003.0,2.46,1.66,0.027,0.24
2016-02-05,1.66,1.644,1.667,1.638,1294449,765878272.0,1.75,-0.66,-0.011,0.89
2016-02-15,1.598,1.646,1.715,1.593,143505,83170086.0,7.42,0.12,0.002,0.1
2016-02-16,1.648,1.714,1.714,1.648,351502,213110244.0,4.01,4.13,0.068,0.24
2016-02-17,1.709,1.731,1.735,1.695,604211,370814768.0,2.33,0.99,0.017,0.42
2016-02-18,1.74,1.722,1.748,1.721,851969,528261312.0,1.56,-0.52,-0.009,0.59
2016-02-19,1.718,1.729,1.742,1.711,645245,397705152.0,1.8,0.41,0.007,0.44
2016-02-22,1.748,1.767,1.772,1.743,701263,439584704.0,1.68,2.2,0.038,0.48
2016-02-23,1.768,1.758,1.77,1.732,278955,174491100.0,2.15,-0.51,-0.009,0.19
2016-02-24,1.742,1.767,1.772,1.732,328626,205718742.0,2.28,0.51,0.009,0.23
2016-02-25,1.767,1.623,1.767,1.593,674636,410382992.0,9.85,-8.15,-0.144,0.46
2016-02-26,1.629,1.637,1.651,1.6,555075,322443872.0,3.14,0.86,0.014,0.38
2016-02-29,1.626,1.536,1.626,1.516,596393,330337584.0,6.72,-6.17,-0.101,0.41
2016-03-01,1.552,1.582,1.598,1.534,450593,251817613.0,4.17,2.99,0.046,0.31
2016-03-02,1.571,1.668,1.668,1.571,554550,324062848.0,6.13,5.44,0.086,0.38
2016-03-03,1.673,1.667,1.701,1.665,399259,239779595.0,2.16,-0.06,-0.001,0.27
2016-03-04,1.672,1.617,1.68,1.601,352334,206947348.0,4.74,-3.0,-0.05,0.24
2016-03-07,1.634,1.663,1.682,1.634,586979,347396816.0,2.97,2.84,0.046,0.4
2016-03-08,1.654,1.673,1.674,1.598,539716,315806048.0,4.57,0.6,0.01,0.37
2016-03-09,1.64,1.626,1.674,1.615,337178,197159511.0,3.53,-2.81,-0.047,0.23
2016-03-10,1.626,1.597,1.642,1.596,172551,99776226.0,2.83,-1.78,-0.029,0.12
2016-03-11,1.588,1.597,1.609,1.57,307447,173916882.0,2.44,0.0,0.0,0.21
2016-03-14,1.613,1.658,1.671,1.613,427917,252746678.0,3.63,3.82,0.061,0.29
2016-03-15,1.653,1.635,1.656,1.624,236209,138498146.0,1.93,-1.39,-0.023,0.16
2016-03-16,1.653,1.617,1.663,1.612,270100,156945129.0,3.12,-1.1,-0.018,0.19
2016-03-17,1.621,1.67,1.7,1.618,686849,406019040.0,5.07,3.28,0.053,0.47
2016-03-18,1.822,1.737,1.822,1.666,1071710,661537760.0,9.34,4.01,0.067,0.74
2016-03-21,1.75,1.772,1.777,1.744,443238,277948176.0,1.9,2.01,0.035,0.31
2016-03-22,1.763,1.764,1.785,1.749,496295,313105408.0,2.03,-0.45,-0.008,0.34
2016-03-23,1.761,1.781,1.783,1.753,761018,478743712.0,1.7,0.96,0.017,0.52
2016-03-24,1.755,1.745,1.784,1.742,485250,305541168.0,2.36,-2.02,-0.036,0.33
2016-03-25,1.744,1.767,1.769,1.744,647329,405539440.0,1.43,1.26,0.022,0.45
2016-03-28,1.774,1.753,1.794,1.75,504917,321298464.0,2.49,-0.79,-0.014,0.35
2016-03-29,1.748,1.722,1.756,1.704,432431,267645937.0,2.97,-1.77,-0.031,0.3
2016-03-30,1.735,1.805,1.822,1.735,406518,255703394.0,5.05,4.82,0.083,0.28
2016-03-31,1.797,1.791,1.809,1.784,292862,187564634.0,1.39,-0.78,-0.014,0.2
2016-04-01,1.788,1.785,1.788,1.753,470178,297896080.0,1.95,-0.34,-0.006,0.32
2016-04-05,1.785,1.826,1.835,1.778,471192,304889472.0,3.19,2.3,0.041,0.32
2016-04-06,1.822,1.837,1.839,1.819,356562,232635947.0,1.1,0.6,0.011,0.25
2016-04-07,1.84,1.815,1.847,1.813,455190,296683232.0,1.85,-1.2,-0.022,0.31
2016-04-08,1.807,1.798,1.807,1.772,329190,210280684.0,1.93,-0.94,-0.017,0.23
2016-04-11,1.814,1.831,1.845,1.814,363375,237436336.0,1.72,1.84,0.033,0.25
2016-04-12,1.829,1.822,1.837,1.799,189827,122986735.0,2.08,-0.49,-0.009,0.13
2016-04-13,1.831,1.851,1.872,1.831,1166933,774553680.0,2.25,1.59,0.029,0.8
2016-04-14,1.861,1.863,1.868,1.842,484874,320992048.0,1.4,0.65,0.012,0.33
2016-04-15,1.864,1.861,1.867,1.846,191898,127052655.0,1.13,-0.11,-0.002,0.13
2016-04-18,1.85,1.829,1.85,1.813,474667,309489264.0,1.99,-1.72,-0.032,0.33
2016-04-19,1.834,1.832,1.85,1.822,247454,161674523.0,1.53,0.16,0.003,0.17
2016-04-20,1.839,1.751,1.844,1.724,714993,448603296.0,6.55,-4.42,-0.081,0.49
2016-04-21,1.735,1.737,1.77,1.734,514833,321682496.0,2.06,-0.8,-0.014,0.35
2016-04-22,1.73,1.748,1.749,1.721,254602,157680760.0,1.61,0.63,0.011,0.18
2016-04-25,1.739,1.739,1.744,1.711,258876,159860858.0,1.89,-0.51,-0.009,0.18
2016-04-26,1.737,1.762,1.794,1.729,227842,141829365.0,3.74,1.32,0.023,0.16
2016-04-27,1.762,1.753,1.771,1.748,252682,158728054.0,1.31,-0.51,-0.009,0.17
2016-04-28,1.744,1.738,1.754,1.713,242803,150136940.0,2.34,-0.86,-0.015,0.17
2016-04-29,1.737,1.741,1.76,1.728,187484,116552979.0,1.84,0.17,0.003,0.13
2016-05-03,1.741,1.797,1.797,1.733,345866,219028695.0,3.68,3.22,0.056,0.24
2016-05-04,1.793,1.797,1.809,1.789,376810,241779969.0,1.11,0.0,0.0,0.26
2016-05-05,1.791,1.809,1.81,1.786,199309,127989922.0,1.34,0.67,0.012,0.14
2016-05-06,1.808,1.738,1.814,1.736,342294,216540132.0,4.31,-3.92,-0.071,0.24
2016-05-09,1.73,1.675,1.73,1.602,545687,328320832.0,7.36,-3.62,-0.063,0.38
2016-05-10,1.674,1.669,1.682,1.661,270058,161065462.0,1.25,-0.36,-0.006,0.19
2016-05-11,1.673,1.666,1.704,1.66,251027,150244265.0,2.64,-0.18,-0.003,0.17
2016-05-12,1.648,1.667,1.669,1.62,561416,330764416.0,2.94,0.06,0.001,0.39
2016-05-13,1.66,1.661,1.683,1.651,393540,234414215.0,1.92,-0.36,-0.006,0.27
2016-05-16,1.663,1.691,1.695,1.647,211644,126028070.0,2.89,1.81,0.03,0.15
2016-05-17,1.692,1.689,1.707,1.676,257785,155596810.0,1.83,-0.12,-0.002,0.18
2016-05-18,1.678,1.642,1.678,1.623,197652,116278119.0,3.26,-2.78,-0.047,0.14
2016-05-19,1.633,1.65,1.672,1.633,276056,163348377.0,2.38,0.49,0.008,0.19
2016-05-20,1.644,1.672,1.674,1.63,197239,116577623.0,2.67,1.33,0.022,0.14
2016-05-23,1.674,1.691,1.693,1.674,166109,99999192.0,1.14,1.14,0.019,0.11
2016-05-24,1.688,1.675,1.689,1.662,271015,161824406.0,1.6,-0.95,-0.016,0.19
2016-05-25,1.683,1.665,1.695,1.662,109955,65840331.0,1.97,-0.6,-0.01,0.08
2016-05-26,1.661,1.673,1.696,1.633,222758,131603455.0,3.78,0.48,0.008,0.15
2016-05-27,1.67,1.674,1.686,1.664,191522,114435781.0,1.32,0.06,0.001,0.13
2016-05-30,1.667,1.667,1.682,1.65,128363,76465171.0,1.91,-0.42,-0.007,0.09
2016-05-31,1.667,1.74,1.744,1.667,493101,302051216.0,4.62,4.38,0.073,0.34
2016-06-01,1.745,1.741,1.755,1.737,504386,314179664.0,1.03,0.06,0.001,0.35
2016-06-02,1.738,1.755,1.756,1.738,338051,210772675.0,1.03,0.8,0.014,0.23
2016-06-03,1.756,1.766,1.773,1.748,549768,345494096.0,1.42,0.63,0.011,0.38
2016-06-06,1.765,1.77,1.774,1.757,338128,212946134.0,0.96,0.23,0.004,0.23
2016-06-07,1.762,1.768,1.771,1.755,233776,147011785.0,0.9,-0.11,-0.002,0.16
2016-06-08,1.768,1.763,1.771,1.747,131956,82882741.0,1.36,-0.28,-0.005,0.09
2016-06-13,1.738,1.678,1.753,1.676,369421,226252794.0,4.37,-4.82,-0.085,0.25
2016-06-14,1.679,1.686,1.691,1.668,460914,276125088.0,1.37,0.48,0.008,0.32
2016-06-15,1.666,1.74,1.766,1.666,843025,522066960.0,5.93,3.2,0.054,0.58
2016-06-16,1.74,1.733,1.748,1.727,218211,135274066.0,1.21,-0.4,-0.007,0.15
2016-06-17,1.735,1.747,1.76,1.73,260111,162073897.0,1.73,0.81,0.014,0.18
2016-06-20,1.744,1.749,1.752,1.727,314247,195193444.0,1.43,0.11,0.002,0.22
2016-06-21,1.76,1.728,1.774,1.722,239171,149767484.0,2.97,-1.2,-0.021,0.16
2016-06-22,1.722,1.761,1.762,1.721,173885,108079108.0,2.37,1.91,0.033,0.12
2016-06-23,1.76,1.751,1.761,1.737,198165,123734768.0,1.36,-0.57,-0.01,0.14
2016-06-24,1.75,1.726,1.766,1.685,445118,273872192.0,4.63,-1.43,-0.025,0.31
2016-06-27,1.717,1.775,1.78,1.711,301103,188789191.0,4.0,2.84,0.049,0.21
2016-06-28,1.765,1.792,1.793,1.761,307055,194649829.0,1.8,0.96,0.017,0.21
2016-06-29,1.792,1.792,1.802,1.786,235839,150847879.0,0.89,0.0,0.0,0.16
2016-06-30,1.792,1.793,1.801,1.785,175740,112220719.0,0.89,0.06,0.001,0.12
2016-07-01,1.797,1.791,1.814,1.787,216380,138817195.0,1.51,-0.11,-0.002,0.15
2016-07-04,1.766,1.826,1.829,1.766,293228,189993236.0,3.52,1.95,0.035,0.2
2016-07-05,1.827,1.836,1.839,1.824,234259,152979661.0,0.82,0.55,0.01,0.16
2016-07-06,1.835,1.846,1.847,1.824,182766,119689383.0,1.25,0.54,0.01,0.13
2016-07-07,1.845,1.854,1.859,1.833,200807,132401241.0,1.41,0.43,0.008,0.14
2016-07-08,1.853,1.846,1.858,1.839,178603,117929046.0,1.02,-0.43,-0.008,0.12
2016-07-11,1.851,1.851,1.874,1.847,210301,139711598.0,1.46,0.27,0.005,0.14
2016-07-12,1.848,1.875,1.876,1.833,966571,638433024.0,2.32,1.3,0.024,0.67
2016-07-13,1.878,1.888,1.895,1.87,214234,144019063.0,1.33,0.69,0.013,0.15
2016-07-14,1.884,1.894,1.895,1.878,252426,169982123.0,0.9,0.32,0.006,0.17
2016-07-15,1.891,1.89,1.895,1.881,122138,82352576.0,0.74,-0.21,-0.004,0.08
2016-07-18,1.881,1.882,1.894,1.873,172153,115602870.0,1.11,-0.42,-0.008,0.12
2016-07-19,1.88,1.882,1.883,1.863,367423,245951393.0,1.06,0.0,0.0,0.25
2016-07-20,1.883,1.878,1.892,1.878,163372,109810386.0,0.74,-0.21,-0.004,0.11
2016-07-21,1.878,1.887,1.906,1.877,170320,114982314.0,1.54,0.48,0.009,0.12
2016-07-22,1.885,1.875,1.888,1.869,450581,301703936.0,1.01,-0.64,-0.012,0.31
2016-07-25,1.87,1.878,1.887,1.869,163078,109167296.0,0.96,0.16,0.003,0.11
2016-07-26,1.875,1.905,1.905,1.875,217818,147046315.0,1.6,1.44,0.027,0.15
2016-07-27,1.905,1.821,1.909,1.807,1578320,1034575136.0,5.35,-4.41,-0.084,1.09
2016-07-28,1.817,1.829,1.86,1.803,557413,361933536.0,3.13,0.44,0.008,0.38
2016-07-29,1.824,1.817,1.835,1.808,183372,119195241.0,1.48,-0.66,-0.012,0.13
2016-08-01,1.805,1.789,1.816,1.77,383384,244178654.0,2.53,-1.54,-0.028,0.26
2016-08-02,1.786,1.807,1.808,1.786,174184,111517868.0,1.23,1.01,0.018,0.12
2016-08-03,1.802,1.813,1.815,1.797,246487,159042964.0,1.0,0.33,0.006,0.17
2016-08-04,1.811,1.824,1.829,1.806,202624,131461947.0,1.27,0.61,0.011,0.14
2016-08-05,1.825,1.818,1.83,1.815,266423,173361688.0,0.82,-0.33,-0.006,0.18
2016-08-08,1.814,1.843,1.85,1.802,230036,150113010.0,2.64,1.38,0.025,0.16
2016-08-09,1.838,1.862,1.864,1.838,305221,201373996.0,1.41,1.03,0.019,0.21
2016-08-10,1.859,1.852,1.863,1.849,312302,206712809.0,0.75,-0.54,-0.01,0.21
2016-08-11,1.846,1.822,1.857,1.821,312497,204434735.0,1.94,-1.62,-0.03,0.22
2016-08-12,1.822,1.848,1.852,1.817,360423,235995607.0,1.92,1.43,0.026,0.25
2016-08-15,1.848,1.886,1.903,1.841,508128,339375888.0,3.35,2.06,0.038,0.35
2016-08-16,1.887,1.895,1.901,1.887,290846,196483327.0,0.74,0.48,0.009,0.2
2016-08-17,1.892,1.899,1.904,1.887,447033,302794560.0,0.9,0.21,0.004,0.31
2016-08-18,1.901,1.9,1.911,1.894,1045857,710818640.0,0.9,0.05,0.001,0.72
2016-08-19,1.901,1.9,1.908,1.889,1060923,719392720.0,1.0,0.0,0.0,0.73
2016-08-22,1.899,1.879,1.908,1.878,328765,222332808.0,1.58,-1.11,-0.021,0.23
2016-08-23,1.876,1.884,1.891,1.868,119967,80588072.0,1.22,0.27,0.005,0.08
2016-08-24,1.881,1.885,1.892,1.878,217573,146614334.0,0.74,0.05,0.001,0.15
2016-08-25,1.88,1.872,1.881,1.852,259720,172592201.0,1.54,-0.69,-0.013,0.18
2016-08-26,1.873,1.881,1.896,1.873,183542,123338961.0,1.23,0.48,0.009,0.13
2016-08-29,1.881,1.885,1.889,1.871,116734,78333133.0,0.96,0.21,0.004,0.08
2016-08-30,1.884,1.884,1.894,1.876,149421,100515436.0,0.95,-0.05,-0.001,0.1
2016-08-31,1.883,1.887,1.887,1.871,124011,83180631.0,0.85,0.16,0.003,0.09
2016-09-01,1.885,1.869,1.889,1.868,178120,119248787.0,1.11,-0.95,-0.018,0.12
2016-09-02,1.869,1.86,1.878,1.853,139236,92653619.0,1.34,-0.48,-0.009,0.1
2016-09-05,1.864,1.873,1.882,1.864,151437,101221815.0,0.97,0.7,0.013,0.1
2016-09-06,1.873,1.907,1.907,1.858,302572,204118474.0,2.62,1.82,0.034,0.21
2016-09-07,1.907,1.902,1.918,1.899,234930,160140497.0,1.0,-0.26,-0.005,0.16
2016-09-08,1.902,1.913,1.913,1.899,81207,55208349.0,0.74,0.58,0.011,0.06
2016-09-09,1.913,1.894,1.915,1.893,207713,141217011.0,1.15,-0.99,-0.019,0.14
2016-09-12,1.866,1.843,1.872,1.841,390999,259118473.0,1.64,-2.69,-0.051,0.27
2016-09-13,1.852,1.851,1.858,1.843,132144,87195089.0,0.81,0.43,0.008,0.09
2016-09-14,1.842,1.839,1.852,1.836,146449,96352526.0,0.86,-0.65,-0.012,0.1
2016-09-19,1.847,1.861,1.861,1.847,84015,55594832.0,0.76,1.2,0.022,0.06
2016-09-20,1.857,1.858,1.861,1.853,88592,58685229.0,0.43,-0.16,-0.003,0.06
2016-09-21,1.857,1.863,1.867,1.856,176510,117312120.0,0.59,0.27,0.005,0.12
2016-09-22,1.871,1.873,1.883,1.87,83521,55911435.0,0.7,0.54,0.01,0.06
2016-09-23,1.879,1.87,1.88,1.867,82079,54832764.0,0.69,-0.16,-0.003,0.06
2016-09-26,1.866,1.834,1.867,1.831,287538,189284072.0,1.93,-1.93,-0.036,0.2
2016-09-27,1.828,1.845,1.851,1.822,176488,115367739.0,1.58,0.6,0.011,0.12
2016-09-28,1.843,1.842,1.845,1.837,129123,84817280.0,0.43,-0.16,-0.003,0.09
2016-09-29,1.842,1.852,1.864,1.842,236919,156519169.0,1.19,0.54,0.01,0.16
2016-09-30,1.846,1.86,1.86,1.846,79647,52686992.0,0.76,0.43,0.008,0.05
2016-10-10,1.865,1.895,1.898,1.836,345484,231595583.0,3.33,1.88,0.035,0.24
2016-10-11,1.9,1.901,1.902,1.89,154159,104276580.0,0.63,0.32,0.006,0.11
2016-10-12,1.898,1.9,1.901,1.893,107433,72727122.0,0.42,-0.05,-0.001,0.07
2016-10-13,1.899,1.902,1.906,1.898,113226,76842974.0,0.42,0.11,0.002,0.08
2016-10-14,1.898,1.898,1.9,1.884,96645,65318696.0,0.84,-0.21,-0.004,0.07
2016-10-17,1.897,1.884,1.905,1.875,250716,169399058.0,1.58,-0.74,-0.014,0.17
2016-10-18,1.883,1.912,1.912,1.881,264228,178863489.0,1.65,1.49,0.028,0.18
2016-10-19,1.916,1.903,1.917,1.899,135362,92181512.0,0.94,-0.47,-0.009,0.09
2016-10-20,1.906,1.905,1.908,1.901,99350,67510096.0,0.37,0.11,0.002,0.07
2016-10-21,1.902,1.902,1.91,1.886,155705,105369538.0,1.26,-0.16,-0.003,0.11
2016-10-24,1.902,1.917,1.924,1.899,253940,173425740.0,1.31,0.79,0.015,0.17
2016-10-25,1.918,1.924,1.925,1.917,227096,155545672.0,0.42,0.37,0.007,0.16
2016-10-26,1.922,1.915,1.923,1.909,168068,114902035.0,0.73,-0.47,-0.009,0.12
2016-10-27,1.913,1.912,1.915,1.904,128438,87518501.0,0.57,-0.16,-0.003,0.09
2016-10-28,1.912,1.897,1.919,1.895,167569,114046710.0,1.26,-0.78,-0.015,0.12
2016-10-31,1.895,1.891,1.895,1.879,211259,142171054.0,0.84,-0.32,-0.006,0.15
2016-11-01,1.89,1.91,1.911,1.89,179408,121703723.0,1.11,1.0,0.019,0.12
2016-11-02,1.906,1.891,1.908,1.891,95709,64892679.0,0.89,-0.99,-0.019,0.07
2016-11-03,1.887,1.901,1.913,1.886,108390,73530657.0,1.43,0.53,0.01,0.07
2016-11-04,1.896,1.895,1.908,1.892,78242,52995631.0,0.84,-0.32,-0.006,0.05
2016-11-07,1.892,1.896,1.902,1.888,102667,69445608.0,0.74,0.05,0.001,0.07
2016-11-08,1.899,1.909,1.912,1.899,208551,141918519.0,0.69,0.69,0.013,0.14
2016-11-09,1.909,1.891,1.911,1.873,266876,180418988.0,1.99,-0.94,-0.018,0.18
2016-11-10,1.905,1.919,1.919,1.905,159776,109045003.0,0.74,1.48,0.028,0.11
2016-11-11,1.917,1.934,1.935,1.914,168747,115860981.0,1.09,0.78,0.015,0.12
2016-11-14,1.931,1.938,1.951,1.929,169334,117227863.0,1.14,0.21,0.004,0.12
2016-11-15,1.942,1.945,1.948,1.935,171491,118904785.0,0.67,0.36,0.007,0.12
2016-11-16,1.946,1.947,1.953,1.945,53952,37521890.0,0.41,0.1,0.002,0.04
2016-11-17,1.945,1.947,1.95,1.936,98764,68397804.0,0.72,0.0,0.0,0.07
2016-11-18,1.947,1.938,1.949,1.934,58228,40349084.0,0.77,-0.46,-0.009,0.04
2016-11-21,1.937,1.938,1.953,1.933,106847,73981963.0,1.03,0.0,0.0,0.07
2016-11-22,1.939,1.956,1.957,1.939,101603,70563173.0,0.93,0.93,0.018,0.07
2016-11-23,1.959,1.943,1.96,1.941,94522,65824340.0,0.97,-0.66,-0.013,0.07
2016-11-24,1.941,1.94,1.951,1.936,147759,102438343.0,0.77,-0.15,-0.003,0.1
2016-11-25,1.94,1.949,1.952,1.915,191801,132195401.0,1.91,0.46,0.009,0.13
2016-11-28,1.951,1.955,1.963,1.948,95683,66740923.0,0.77,0.31,0.006,0.07
2016-11-29,1.954,1.943,1.959,1.941,123595,86035330.0,0.92,-0.61,-0.012,0.09
2016-11-30,1.94,1.932,1.943,1.926,163163,112639567.0,0.87,-0.57,-0.011,0.11
2016-12-01,1.931,1.943,1.945,1.931,170340,117731940.0,0.72,0.57,0.011,0.12
2016-12-02,1.936,1.912,1.942,1.912,155825,107197443.0,1.54,-1.6,-0.031,0.11
2016-12-05,1.898,1.899,1.913,1.892,169860,115294708.0,1.1,-0.68,-0.013,0.12
2016-12-06,1.904,1.902,1.91,1.901,84949,57726826.0,0.47,0.16,0.003,0.06
2016-12-07,1.902,1.925,1.925,1.901,74266,50618619.0,1.26,1.21,0.023,0.05
2016-12-08,1.923,1.915,1.924,1.913,63560,43498239.0,0.57,-0.52,-0.01,0.04
2016-12-09,1.91,1.91,1.917,1.908,95538,65207023.0,0.47,-0.26,-0.005,0.07
2016-12-12,1.906,1.833,1.914,1.831,401528,266201020.0,4.35,-4.03,-0.077,0.28
2016-12-13,1.833,1.838,1.843,1.816,213072,138765371.0,1.47,0.27,0.005,0.15
2016-12-14,1.838,1.827,1.844,1.823,139454,91227496.0,1.14,-0.6,-0.011,0.1
2016-12-15,1.825,1.839,1.85,1.819,160424,105029275.0,1.7,0.66,0.012,0.11
2016-12-16,1.839,1.85,1.854,1.836,121683,80227663.0,0.98,0.6,0.011,0.08
2016-12-19,1.851,1.852,1.855,1.843,215357,142236316.0,0.65,0.11,0.002,0.15
2016-12-20,1.852,1.844,1.854,1.836,77951,51281979.0,0.97,-0.43,-0.008,0.05
2016-12-21,1.846,1.859,1.86,1.846,125835,83240079.0,0.76,0.81,0.015,0.09
2016-12-22,1.857,1.856,1.86,1.849,85705,56662959.0,0.59,-0.16,-0.003,0.06
2016-12-23,1.856,1.843,1.858,1.84,76527,50438335.0,0.97,-0.7,-0.013,0.05
2016-12-26,1.843,1.844,1.845,1.818,195442,127638734.0,1.47,0.05,0.001,0.13
2016-12-27,1.845,1.847,1.85,1.842,158096,104096964.0,0.43,0.16,0.003,0.11
2016-12-28,1.844,1.839,1.847,1.834,103677,68123543.0,0.7,-0.43,-0.008,0.07
2016-12-29,1.832,1.838,1.845,1.832,69762,45776637.0,0.71,-0.05,-0.001,0.05
2016-12-30,1.834,1.837,1.844,1.832,86025,56446495.0,0.65,-0.05,-0.001,0.06
2017-01-03,1.838,1.853,1.856,1.838,66442,43877899.0,0.98,0.87,0.016,0.05
2017-01-04,1.854,1.876,1.878,1.847,162321,108176826.0,1.67,1.24,0.023,0.11
2017-01-05,1.876,1.875,1.879,1.873,83786,56063658.0,0.32,-0.05,-0.001,0.06
2017-01-06,1.872,1.866,1.875,1.865,62261,41522993.0,0.53,-0.48,-0.009,0.04
2017-01-09,1.864,1.88,1.881,1.863,59916,40070875.0,0.96,0.75,0.014,0.04
2017-01-10,1.881,1.873,1.882,1.871,81877,54885189.0,0.59,-0.37,-0.007,0.06
2017-01-11,1.875,1.859,1.878,1.856,89530,59598340.0,1.17,-0.75,-0.014,0.06
2017-01-12,1.858,1.836,1.86,1.835,140763,92668136.0,1.34,-1.24,-0.023,0.1
2017-01-13,1.836,1.816,1.841,1.813,205578,134042463.0,1.53,-1.09,-0.02,0.14
2017-01-16,1.815,1.764,1.815,1.721,214418,135625651.0,5.18,-2.86,-0.052,0.15
2017-01-17,1.765,1.78,1.78,1.744,141414,88987865.0,2.04,0.91,0.016,0.1
2017-01-18,1.78,1.781,1.79,1.771,301668,191974280.0,1.07,0.06,0.001,0.21
2017-01-19,1.778,1.774,1.784,1.769,180683,114608709.0,0.84,-0.39,-0.007,0.12
2017-01-20,1.769,1.797,1.8,1.769,171705,109685276.0,1.75,1.3,0.023,0.12
2017-01-23,1.793,1.815,1.815,1.793,119905,77351282.0,1.22,1.0,0.018,0.08
2017-01-24,1.811,1.807,1.816,1.804,78742,50816369.0,0.66,-0.44,-0.008,0.05
2017-01-25,1.801,1.814,1.817,1.801,49482,31972737.0,0.89,0.39,0.007,0.03
2017-01-26,1.817,1.826,1.826,1.814,47476,30834785.0,0.66,0.66,0.012,0.03
2017-02-03,1.826,1.82,1.831,1.813,69968,45400178.0,0.99,-0.33,-0.006,0.05
2017-02-06,1.82,1.836,1.836,1.816,75508,49213963.0,1.1,0.88,0.016,0.05
2017-02-07,1.833,1.833,1.836,1.821,107213,70044876.0,0.82,-0.16,-0.003,0.07
2017-02-08,1.831,1.845,1.846,1.821,58064,38025194.0,1.36,0.65,0.012,0.04
2017-02-09,1.846,1.854,1.856,1.841,69203,45737490.0,0.81,0.49,0.009,0.05
2017-02-10,1.857,1.858,1.861,1.852,98175,65021994.0,0.49,0.22,0.004,0.07
2017-02-13,1.861,1.866,1.866,1.854,104930,69738830.0,0.65,0.43,0.008,0.07
2017-02-14,1.865,1.867,1.869,1.859,88102,58578759.0,0.54,0.05,0.001,0.06
2017-02-15,1.866,1.85,1.87,1.847,68905,45705334.0,1.23,-0.91,-0.017,0.05
2017-02-16,1.849,1.862,1.866,1.849,85992,57000865.0,0.92,0.65,0.012,0.06
2017-02-17,1.861,1.849,1.866,1.845,73543,48672315.0,1.13,-0.7,-0.013,0.05
2017-02-20,1.849,1.873,1.874,1.848,62010,41199339.0,1.41,1.3,0.024,0.04
2017-02-21,1.869,1.887,1.889,1.869,89040,59777118.0,1.07,0.75,0.014,0.06
2017-02-22,1.891,1.896,1.898,1.884,176142,118975854.0,0.74,0.48,0.009,0.12
2017-02-23,1.896,1.899,1.9,1.887,78809,53237861.0,0.69,0.16,0.003,0.05
2017-02-24,1.898,1.899,1.899,1.891,103509,69959483.0,0.42,0.0,0.0,0.07
2017-02-27,1.896,1.884,1.899,1.881,92903,62779366.0,0.95,-0.79,-0.015,0.06
2017-02-28,1.884,1.89,1.891,1.879,85565,57560355.0,0.64,0.32,0.006,0.06
2017-03-01,1.887,1.896,1.903,1.886,204830,138439084.0,0.9,0.32,0.006,0.14
2017-03-02,1.894,1.887,1.901,1.883,134972,91065149.0,0.95,-0.47,-0.009,0.09
2017-03-03,1.878,1.891,1.895,1.876,139530,93919299.0,1.01,0.21,0.004,0.1
2017-03-06,1.901,1.909,1.911,1.892,161568,109916722.0,1.0,0.95,0.018,0.11
2017-03-07,1.908,1.914,1.916,1.901,125484,85445945.0,0.79,0.26,0.005,0.09
2017-03-08,1.91,1.907,1.92,1.902,68834,46803069.0,0.94,-0.37,-0.007,0.05
2017-03-09,1.906,1.885,1.906,1.884,109505,73801870.0,1.15,-1.15,-0.022,0.08
2017-03-10,1.884,1.891,1.895,1.884,99092,66830783.0,0.58,0.32,0.006,0.07
2017-03-13,1.888,1.911,1.911,1.879,126199,85475494.0,1.69,1.06,0.02,0.09
2017-03-14,1.912,1.902,1.913,1.899,123168,83743075.0,0.73,-0.47,-0.009,0.08
2017-03-15,1.9,1.9,1.906,1.895,110068,74664366.0,0.58,-0.11,-0.002,0.08
2017-03-16,1.902,1.917,1.92,1.901,217857,148866868.0,1.0,0.89,0.017,0.15
2017-03-17,1.919,1.898,1.921,1.898,239095,163411793.0,1.2,-0.99,-0.019,0.16
2017-03-20,1.898,1.905,1.905,1.891,122934,83280693.0,0.74,0.37,0.007,0.08
2017-03-21,1.903,1.913,1.913,1.899,143385,97405768.0,0.73,0.42,0.008,0.1
2017-03-22,1.911,1.906,1.911,1.892,116740,79211592.0,0.99,-0.37,-0.007,0.08
2017-03-23,1.904,1.91,1.918,1.891,115342,78432937.0,1.42,0.21,0.004,0.08
2017-03-24,1.909,1.922,1.924,1.905,153330,104811998.0,0.99,0.63,0.012,0.11
2017-03-27,1.922,1.91,1.924,1.909,106497,72816081.0,0.78,-0.62,-0.012,0.07
2017-03-28,1.909,1.906,1.914,1.901,155323,105630628.0,0.68,-0.21,-0.004,0.11
2017-03-29,1.905,1.899,1.912,1.892,208954,141945519.0,1.05,-0.37,-0.007,0.14
2017-03-30,1.894,1.871,1.898,1.869,288312,193183301.0,1.53,-1.47,-0.028,0.2
2017-03-31,1.869,1.875,1.878,1.867,225083,150411342.0,0.59,0.21,0.004,0.15
2017-04-05,1.889,1.923,1.925,1.889,305948,208725406.0,1.92,2.56,0.048,0.21
2017-04-06,1.923,1.922,1.925,1.914,133714,91560805.0,0.57,-0.05,-0.001,0.09
2017-04-07,1.922,1.926,1.933,1.915,268234,184026992.0,0.94,0.21,0.004,0.18
2017-04-10,1.924,1.924,1.931,1.92,195809,134522436.0,0.57,-0.1,-0.002,0.13
2017-04-11,1.923,1.945,1.945,1.912,150922,103927304.0,1.72,1.09,0.021,0.1
2017-04-12,1.945,1.93,1.948,1.927,140866,97317475.0,1.08,-0.77,-0.015,0.1
2017-04-13,1.928,1.941,1.946,1.926,90349,62501878.0,1.04,0.57,0.011,0.06
2017-04-14,1.94,1.915,1.941,1.915,210633,144754817.0,1.34,-1.34,-0.026,0.14
2017-04-17,1.911,1.894,1.911,1.891,184407,124935989.0,1.04,-1.1,-0.021,0.13
2017-04-18,1.891,1.885,1.905,1.882,122261,82581748.0,1.21,-0.48,-0.009,0.08
2017-04-19,1.878,1.863,1.881,1.847,405139,268420708.0,1.8,-1.17,-0.022,0.28
2017-04-20,1.864,1.862,1.871,1.852,228585,151726571.0,1.02,-0.05,-0.001,0.16
2017-04-21,1.86,1.851,1.868,1.848,158051,104708947.0,1.07,-0.59,-0.011,0.11
2017-04-24,1.846,1.801,1.846,1.8,870702,563199488.0,2.49,-2.7,-0.05,0.6
2017-04-25,1.801,1.806,1.819,1.801,195797,126520720.0,1.0,0.28,0.005,0.13
2017-04-26,1.805,1.81,1.817,1.802,84958,54914604.0,0.83,0.22,0.004,0.06
2017-04-27,1.806,1.816,1.82,1.777,314393,201153358.0,2.38,0.33,0.006,0.22
2017-04-28,1.816,1.822,1.823,1.811,132021,85608744.0,0.66,0.33,0.006,0.09
2017-05-02,1.822,1.82,1.824,1.815,151297,98193818.0,0.49,-0.11,-0.002,0.1
2017-05-03,1.819,1.819,1.827,1.812,79205,51427145.0,0.82,-0.05,-0.001,0.05
2017-05-04,1.815,1.81,1.831,1.806,122499,79400014.0,1.37,-0.49,-0.009,0.08
2017-05-05,1.807,1.79,1.809,1.789,316459,203182643.0,1.1,-1.1,-0.02,0.22
2017-05-08,1.788,1.757,1.788,1.755,387823,244884818.0,1.84,-1.84,-0.033,0.27
2017-05-09,1.752,1.763,1.764,1.739,257398,160839004.0,1.42,0.34,0.006,0.18
2017-05-10,1.763,1.73,1.771,1.73,287336,179080269.0,2.33,-1.87,-0.033,0.2
2017-05-11,1.728,1.725,1.728,1.682,786634,480442224.0,2.66,-0.29,-0.005,0.54
2017-05-12,1.722,1.72,1.725,1.707,271878,166619822.0,1.04,-0.29,-0.005,0.19
2017-05-15,1.724,1.729,1.738,1.724,155600,96049625.0,0.81,0.52,0.009,0.11
2017-05-16,1.73,1.765,1.768,1.712,360261,224155631.0,3.24,2.08,0.036,0.25
2017-05-17,1.765,1.77,1.78,1.763,264928,167464065.0,0.96,0.28,0.005,0.18
2017-05-18,1.759,1.753,1.772,1.751,274262,172360801.0,1.19,-0.96,-0.017,0.19
2017-05-19,1.753,1.753,1.759,1.745,136616,85431903.0,0.8,0.0,0.0,0.09
2017-05-22,1.752,1.727,1.76,1.725,277141,172576257.0,2.0,-1.48,-0.026,0.19
2017-05-23,1.727,1.696,1.73,1.693,281088,171441415.0,2.14,-1.8,-0.031,0.19
2017-05-24,1.69,1.703,1.704,1.667,556653,335018768.0,2.18,0.41,0.007,0.38
2017-05-25,1.704,1.716,1.723,1.683,604291,368012048.0,2.35,0.76,0.013,0.42
2017-05-26,1.716,1.718,1.727,1.71,380832,233652724.0,0.99,0.12,0.002,0.26
2017-05-31,1.738,1.708,1.746,1.707,455356,280409152.0,2.27,-0.58,-0.01,0.31
2017-06-01,1.705,1.677,1.708,1.677,317097,191953966.0,1.81,-1.81,-0.031,0.22
2017-06-02,1.671,1.696,1.701,1.662,746023,447960000.0,2.33,1.13,0.019,0.51
2017-06-05,1.701,1.706,1.715,1.7,538511,327906032.0,0.88,0.59,0.01,0.37
2017-06-06,1.703,1.714,1.717,1.698,311996,190197174.0,1.11,0.47,0.008,0.21
2017-06-07,1.715,1.751,1.752,1.712,680496,422422128.0,2.33,2.16,0.037,0.47
2017-06-08,1.752,1.751,1.754,1.744,323601,202002078.0,0.57,0.0,0.0,0.22
2017-06-09,1.75,1.757,1.76,1.742,486958,304095584.0,1.03,0.34,0.006,0.34
2017-06-12,1.75,1.735,1.75,1.733,320647,199307596.0,0.97,-1.25,-0.022,0.22
2017-06-13,1.733,1.76,1.765,1.733,461281,288769936.0,1.84,1.44,0.025,0.32
2017-06-14,1.76,1.754,1.764,1.751,226860,142226464.0,0.74,-0.34,-0.006,0.16
2017-06-15,1.752,1.77,1.774,1.751,301404,190061008.0,1.31,0.91,0.016,0.21
2017-06-16,1.771,1.769,1.774,1.765,183592,115871374.0,0.51,-0.06,-0.001,0.13
2017-06-19,1.769,1.781,1.784,1.765,381276,241981317.0,1.07,0.68,0.012,0.26
2017-06-20,1.783,1.787,1.795,1.782,358035,228345259.0,0.73,0.34,0.006,0.25
2017-06-21,1.788,1.79,1.79,1.776,350185,222769467.0,0.78,0.17,0.003,0.24
2017-06-22,1.792,1.764,1.797,1.764,421110,268159706.0,1.84,-1.45,-0.026,0.29
2017-06-23,1.766,1.77,1.771,1.745,538772,338349232.0,1.47,0.34,0.006,0.37
2017-06-26,1.769,1.802,1.803,1.768,455130,290536288.0,1.98,1.81,0.032,0.31
2017-06-27,1.803,1.797,1.805,1.791,300929,193122573.0,0.78,-0.28,-0.005,0.21
2017-06-28,1.794,1.792,1.802,1.788,369365,236219123.0,0.78,-0.28,-0.005,0.25
2017-06-29,1.792,1.802,1.81,1.792,398893,256413512.0,1.0,0.56,0.01,0.27
2017-06-30,1.801,1.808,1.812,1.792,268758,172814655.0,1.11,0.33,0.006,0.18
2017-07-03,1.807,1.82,1.822,1.806,283061,183413975.0,0.88,0.66,0.012,0.19
2017-07-04,1.819,1.812,1.819,1.806,225589,145869015.0,0.71,-0.44,-0.008,0.16
2017-07-05,1.811,1.824,1.825,1.807,348159,225691114.0,0.99,0.66,0.012,0.24
2017-07-06,1.824,1.824,1.829,1.809,441060,286872432.0,1.1,0.0,0.0,0.3
2017-07-07,1.819,1.835,1.838,1.818,146767,95685685.0,1.1,0.6,0.011,0.1
2017-07-10,1.835,1.829,1.84,1.823,205021,134092969.0,0.93,-0.33,-0.006,0.14
2017-07-11,1.827,1.809,1.827,1.808,185278,120212237.0,1.04,-1.09,-0.02,0.13
2017-07-12,1.805,1.806,1.823,1.783,664599,425843232.0,2.21,-0.17,-0.003,0.46
2017-07-13,1.805,1.808,1.818,1.801,554473,357803488.0,0.94,0.11,0.002,0.38
2017-07-14,1.808,1.803,1.81,1.797,324305,208810469.0,0.72,-0.28,-0.005,0.22
2017-07-17,1.798,1.733,1.799,1.73,948466,592063584.0,3.83,-3.88,-0.07,0.65
2017-07-18,1.729,1.748,1.749,1.724,445258,275768880.0,1.44,0.87,0.015,0.31
2017-07-19,1.745,1.788,1.789,1.741,301127,189826491.0,2.75,2.29,0.04,0.21
2017-07-20,1.786,1.796,1.802,1.784,322815,206896148.0,1.01,0.45,0.008,0.22
2017-07-21,1.792,1.802,1.807,1.792,410813,264052309.0,0.84,0.33,0.006,0.28
2017-07-24,1.802,1.817,1.821,1.802,288882,186779409.0,1.05,0.83,0.015,0.2
2017-07-25,1.817,1.816,1.818,1.801,174490,112701133.0,0.94,-0.06,-0.001,0.12
2017-07-26,1.813,1.813,1.816,1.802,154486,99678898.0,0.77,-0.17,-0.003,0.11
2017-07-27,1.811,1.824,1.83,1.798,235040,152476146.0,1.77,0.61,0.011,0.16
2017-07-28,1.818,1.834,1.841,1.818,251334,164257347.0,1.26,0.55,0.01,0.17
2017-07-31,1.834,1.859,1.861,1.828,312205,205294262.0,1.8,1.36,0.025,0.21
2017-08-01,1.86,1.854,1.86,1.848,199596,131926536.0,0.65,-0.27,-0.005,0.14
2017-08-02,1.855,1.846,1.863,1.842,286409,189153892.0,1.13,-0.43,-0.008,0.2
2017-08-03,1.843,1.847,1.859,1.841,237447,156696120.0,0.98,0.05,0.001,0.16
2017-08-04,1.845,1.836,1.86,1.834,349620,230726399.0,1.41,-0.6,-0.011,0.24
2017-08-07,1.832,1.862,1.863,1.832,278900,184092462.0,1.69,1.42,0.026,0.19
2017-08-08,1.862,1.86,1.868,1.854,214594,142477611.0,0.75,-0.11,-0.002,0.15
2017-08-09,1.86,1.873,1.875,1.856,179867,119668114.0,1.02,0.7,0.013,0.12
2017-08-10,1.87,1.857,1.872,1.843,330918,219487285.0,1.55,-0.85,-0.016,0.23
2017-08-11,1.851,1.822,1.854,1.815,468022,305962304.0,2.1,-1.88,-0.035,0.32
2017-08-14,1.817,1.859,1.86,1.817,367029,241628506.0,2.36,2.03,0.037,0.25
2017-08-15,1.856,1.861,1.864,1.85,238316,158046894.0,0.75,0.11,0.002,0.16
2017-08-16,1.859,1.863,1.866,1.847,170652,113135562.0,1.02,0.11,0.002,0.12
2017-08-17,1.862,1.881,1.882,1.861,302684,202092777.0,1.13,0.97,0.018,0.21
2017-08-18,1.873,1.873,1.878,1.867,311772,208173399.0,0.58,-0.43,-0.008,0.21
2017-08-21,1.878,1.891,1.892,1.875,171601,115463273.0,0.91,0.96,0.018,0.12
2017-08-22,1.889,1.884,1.89,1.879,203205,136662861.0,0.58,-0.37,-0.007,0.14
2017-08-23,1.88,1.869,1.884,1.862,170302,113762685.0,1.17,-0.8,-0.015,0.12
2017-08-24,1.869,1.855,1.871,1.852,196956,130820741.0,1.02,-0.75,-0.014,0.14
2017-08-25,1.855,1.875,1.88,1.855,485972,324604880.0,1.35,1.08,0.02,0.33
2017-08-28,1.878,1.896,1.905,1.875,674059,455625120.0,1.6,1.12,0.021,0.46
2017-08-29,1.896,1.89,1.901,1.884,282979,191115038.0,0.9,-0.32,-0.006,0.19
2017-08-30,1.889,1.903,1.909,1.887,267383,181101422.0,1.16,0.69,0.013,0.18
2017-08-31,1.903,1.91,1.912,1.898,214562,145784923.0,0.74,0.37,0.007,0.15
2017-09-01,1.91,1.929,1.93,1.905,425492,291657712.0,1.31,0.99,0.019,0.29
